"","diagnosis","mean","min","max","median","sd","range"
"1","B",12.1465238095238,6.981,17.85,12.2,1.78051164614104,10.869
"2","M",17.4628301886792,10.95,28.11,17.325,3.20397110077937,17.16
